,pollutant,est,std_err
0,SO2,0.138185,0.034651
1,NO2,0.320121,0.049849
2,CO,0.084282,0.024758
3,O3,0.565368,0.022191
